-- phpMyAdmin SQL Dump
-- version 4.5.1
-- http://www.phpmyadmin.net
--
-- Host: 127.0.0.1
-- Generation Time: Apr 09, 2016 at 10:36 PM
-- Server version: 10.1.10-MariaDB
-- PHP Version: 5.6.19

SET SQL_MODE = "NO_AUTO_VALUE_ON_ZERO";
SET time_zone = "+00:00";


/*!40101 SET @OLD_CHARACTER_SET_CLIENT=@@CHARACTER_SET_CLIENT */;
/*!40101 SET @OLD_CHARACTER_SET_RESULTS=@@CHARACTER_SET_RESULTS */;
/*!40101 SET @OLD_COLLATION_CONNECTION=@@COLLATION_CONNECTION */;
/*!40101 SET NAMES utf8mb4 */;

--
-- Database: `hackaton`
--

-- --------------------------------------------------------

--
-- Table structure for table `datoteka`
--

CREATE TABLE `datoteka` (
  `id` int(11) NOT NULL,
  `broj_tjedana` int(11) NOT NULL,
  `broj_ispostava` int(11) NOT NULL
) ENGINE=InnoDB DEFAULT CHARSET=latin1;

--
-- Dumping data for table `datoteka`
--

INSERT INTO `datoteka` (`id`, `broj_tjedana`, `broj_ispostava`) VALUES
(1, 4, 2),
(2, 4, 2),
(3, 4, 2),
(4, 4, 2),
(5, 4, 2),
(6, 4, 2),
(7, 4, 2),
(8, 4, 2),
(9, 4, 2),
(10, 4, 2),
(11, 4, 2),
(12, 4, 2),
(13, 4, 2),
(14, 4, 2),
(15, 4, 2),
(16, 4, 2),
(17, 4, 2),
(18, 4, 2),
(19, 4, 2),
(20, 4, 2),
(21, 4, 2),
(22, 4, 2),
(23, 4, 2),
(24, 4, 2),
(25, 4, 2),
(26, 4, 2),
(27, 4, 2),
(28, 4, 2),
(29, 4, 2),
(30, 4, 2),
(31, 4, 2),
(32, 4, 2),
(33, 4, 2);

-- --------------------------------------------------------

--
-- Table structure for table `ispostava`
--

CREATE TABLE `ispostava` (
  `id_ispostava` int(11) NOT NULL,
  `lokacija` varchar(45) NOT NULL,
  `rang` int(11) DEFAULT '1'
) ENGINE=InnoDB DEFAULT CHARSET=utf8;

--
-- Dumping data for table `ispostava`
--

INSERT INTO `ispostava` (`id_ispostava`, `lokacija`, `rang`) VALUES
(1, '321321', 1),
(122, 'nesto', 1),
(123, 'nesto', 1),
(124, 'nesto', 1),
(125, 'nesto', 1),
(126, 'nesto', 1),
(127, 'nesto', 1),
(128, 'nesto', 1),
(129, 'nesto', 1),
(130, 'nesto', 1),
(131, 'nesto', 1),
(132, 'nesto', 1),
(133, 'nesto', 1),
(134, 'nesto', 1),
(135, 'nesto', 1),
(136, 'nesto', 1),
(137, 'nesto', 1),
(138, 'nesto', 1),
(139, 'nesto', 1),
(140, 'nesto', 1);

-- --------------------------------------------------------

--
-- Table structure for table `poslovi`
--

CREATE TABLE `poslovi` (
  `id_posao` int(11) NOT NULL,
  `naziv` varchar(45) DEFAULT NULL
) ENGINE=InnoDB DEFAULT CHARSET=utf8;

--
-- Dumping data for table `poslovi`
--

INSERT INTO `poslovi` (`id_posao`, `naziv`) VALUES
(1, 'dispe훾er'),
(2, 'lije훾nik'),
(3, 'voza훾'),
(4, 'tehni훾ar');

-- --------------------------------------------------------

--
-- Table structure for table `timovi`
--

CREATE TABLE `timovi` (
  `id_tim` int(11) NOT NULL,
  `vrsta` tinyint(1) DEFAULT '1',
  `id_ispostava` int(11) NOT NULL
) ENGINE=InnoDB DEFAULT CHARSET=latin1;

--
-- Dumping data for table `timovi`
--

INSERT INTO `timovi` (`id_tim`, `vrsta`, `id_ispostava`) VALUES
(1, 1, 129),
(2, 0, 129),
(3, 1, 130),
(4, 0, 130),
(5, 1, 131),
(6, 0, 131),
(7, 1, 132),
(8, 0, 132),
(9, 1, 133),
(10, 0, 133),
(11, 1, 134),
(12, 0, 134),
(13, 1, 135),
(14, 0, 135),
(15, 1, 136),
(16, 0, 136),
(17, 1, 137),
(18, 0, 137),
(19, 1, 138),
(20, 0, 138),
(21, 1, 139),
(22, 0, 139),
(23, 1, 140),
(24, 0, 140);

-- --------------------------------------------------------

--
-- Table structure for table `user`
--

CREATE TABLE `user` (
  `id` int(11) NOT NULL,
  `ime` varchar(45) NOT NULL,
  `prezime` varchar(45) NOT NULL,
  `oib` varchar(45) NOT NULL,
  `dat_rod` date NOT NULL,
  `spol` varchar(5) DEFAULT 'm',
  `adresa_stanovanja` varchar(45) DEFAULT NULL,
  `mjesto_stanovanja` varchar(45) DEFAULT NULL,
  `broj_tel` varchar(45) DEFAULT NULL,
  `mob` varchar(45) DEFAULT NULL,
  `napomena` varchar(300) DEFAULT NULL,
  `vrsta` int(11) DEFAULT '1',
  `id_ispostava` int(11) DEFAULT NULL,
  `broj_sati` int(11) DEFAULT '0',
  `username` varchar(45) DEFAULT NULL,
  `auth_key` varchar(32) DEFAULT NULL,
  `password_hash` varchar(255) DEFAULT NULL,
  `password_reset_token` varchar(255) DEFAULT NULL,
  `status` smallint(6) DEFAULT NULL,
  `updated_at` int(11) DEFAULT NULL,
  `created_at` int(11) DEFAULT NULL,
  `dostupan` varchar(100) NOT NULL
) ENGINE=InnoDB DEFAULT CHARSET=utf8;

--
-- Dumping data for table `user`
--

INSERT INTO `user` (`id`, `ime`, `prezime`, `oib`, `dat_rod`, `spol`, `adresa_stanovanja`, `mjesto_stanovanja`, `broj_tel`, `mob`, `napomena`, `vrsta`, `id_ispostava`, `broj_sati`, `username`, `auth_key`, `password_hash`, `password_reset_token`, `status`, `updated_at`, `created_at`, `dostupan`) VALUES
(421, 'ime5', 'prezime5', 'oib5', '1994-09-20', 'm', NULL, NULL, NULL, NULL, NULL, 1, 122, 0, NULL, NULL, NULL, NULL, 10, 1460215377, 1460215377, ''),
(422, 'ime6', 'prezime6', 'oib6', '1994-09-20', 'm', NULL, NULL, NULL, NULL, NULL, 1, 122, 0, NULL, '15', NULL, NULL, 10, 1460215377, 1460215377, ''),
(423, 'ime7', 'prezime7', 'oib7', '1994-09-20', 'm', NULL, NULL, NULL, NULL, NULL, 1, 122, 0, NULL, NULL, NULL, NULL, 10, 1460215377, 1460215377, ''),
(424, 'ime8', 'prezime8', 'oib8', '1994-09-20', 'm', NULL, NULL, NULL, NULL, NULL, 1, 122, 0, NULL, NULL, NULL, NULL, 10, 1460215377, 1460215377, ''),
(425, 'ime9', 'prezime9', 'oib9', '1994-09-20', 'm', NULL, NULL, NULL, NULL, NULL, 1, 122, 0, NULL, NULL, NULL, NULL, 10, 1460215377, 1460215377, ''),
(426, 'ime10', 'prezime10', 'oib10', '1994-09-20', 'm', NULL, NULL, NULL, NULL, NULL, 1, 122, 0, NULL, NULL, NULL, NULL, 10, 1460215377, 1460215377, ''),
(427, 'ime11', 'prezime11', 'oib11', '1994-09-20', 'm', NULL, NULL, NULL, NULL, NULL, 1, 122, 0, NULL, NULL, NULL, NULL, 10, 1460215378, 1460215378, ''),
(428, 'ime12', 'prezime12', 'oib12', '1994-09-20', 'm', NULL, NULL, NULL, NULL, NULL, 1, 122, 0, NULL, NULL, NULL, NULL, 10, 1460215378, 1460215378, ''),
(429, 'ime13', 'prezime13', 'oib13', '1994-09-20', 'm', NULL, NULL, NULL, NULL, NULL, 1, 122, 0, NULL, NULL, NULL, NULL, 10, 1460215378, 1460215378, ''),
(430, 'ime14', 'prezime14', 'oib14', '1994-09-20', 'm', NULL, NULL, NULL, NULL, NULL, 1, 122, 0, NULL, NULL, NULL, NULL, 10, 1460215378, 1460215378, ''),
(431, 'ime15', 'prezime15', 'oib15', '1994-09-20', 'm', NULL, NULL, NULL, NULL, NULL, 1, 122, 0, NULL, NULL, NULL, NULL, 10, 1460215378, 1460215378, ''),
(432, 'ime16', 'prezime16', 'oib16', '1994-09-20', 'm', NULL, NULL, NULL, NULL, NULL, 1, 122, 0, NULL, NULL, NULL, NULL, 10, 1460215378, 1460215378, ''),
(433, 'ime17', 'prezime17', 'oib17', '1994-09-20', 'm', NULL, NULL, NULL, NULL, NULL, 1, 122, 0, NULL, NULL, NULL, NULL, 10, 1460215378, 1460215378, ''),
(434, 'ime18', 'prezime18', 'oib18', '1994-09-20', 'm', NULL, NULL, NULL, NULL, NULL, 1, 122, 0, NULL, NULL, NULL, NULL, 10, 1460215378, 1460215378, ''),
(435, 'ime32', 'prezime32', 'oib32', '1994-09-20', 'm', NULL, NULL, NULL, NULL, NULL, 1, 122, 0, NULL, NULL, NULL, NULL, 10, 1460215378, 1460215378, ''),
(436, 'ime33', 'prezime33', 'oib33', '1994-09-20', 'm', NULL, NULL, NULL, NULL, NULL, 1, 122, 0, NULL, NULL, NULL, NULL, 10, 1460215378, 1460215378, ''),
(437, 'ime19', 'prezime19', 'oib19', '1994-09-20', 'm', NULL, NULL, NULL, NULL, NULL, 1, 123, 0, NULL, NULL, NULL, NULL, 10, 1460215378, 1460215378, ''),
(438, 'ime20', 'prezime20', 'oib20', '1994-09-20', 'm', NULL, NULL, NULL, NULL, NULL, 1, 123, 0, NULL, NULL, NULL, NULL, 10, 1460215378, 1460215378, ''),
(439, 'ime21', 'prezime21', 'oib21', '1994-09-20', 'm', NULL, NULL, NULL, NULL, NULL, 1, 123, 0, NULL, NULL, NULL, NULL, 10, 1460215378, 1460215378, ''),
(440, 'ime22', 'prezime22', 'oib22', '1994-09-20', 'm', NULL, NULL, NULL, NULL, NULL, 1, 123, 0, NULL, NULL, NULL, NULL, 10, 1460215378, 1460215378, ''),
(441, 'ime23', 'prezime23', 'oib23', '1994-09-20', 'm', NULL, NULL, NULL, NULL, NULL, 1, 123, 0, NULL, NULL, NULL, NULL, 10, 1460215378, 1460215378, ''),
(442, 'ime24', 'prezime24', 'oib24', '1994-09-20', 'm', NULL, NULL, NULL, NULL, NULL, 1, 123, 0, NULL, NULL, NULL, NULL, 10, 1460215379, 1460215379, ''),
(443, 'ime25', 'prezime25', 'oib25', '1994-09-20', 'm', NULL, NULL, NULL, NULL, NULL, 1, 123, 0, NULL, NULL, NULL, NULL, 10, 1460215379, 1460215379, ''),
(444, 'ime26', 'prezime26', 'oib26', '1994-09-20', 'm', NULL, NULL, NULL, NULL, NULL, 1, 123, 0, NULL, NULL, NULL, NULL, 10, 1460215379, 1460215379, ''),
(445, 'ime27', 'prezime27', 'oib27', '1994-09-20', 'm', NULL, NULL, NULL, NULL, NULL, 1, 123, 0, NULL, NULL, NULL, NULL, 10, 1460215379, 1460215379, ''),
(446, 'ime28', 'prezime28', 'oib28', '1994-09-20', 'm', NULL, NULL, NULL, NULL, NULL, 1, 123, 0, NULL, NULL, NULL, NULL, 10, 1460215379, 1460215379, ''),
(447, 'ime29', 'prezime29', 'oib29', '1994-09-20', 'm', NULL, NULL, NULL, NULL, NULL, 1, 123, 0, NULL, NULL, NULL, NULL, 10, 1460215379, 1460215379, ''),
(448, 'ime30', 'prezime30', 'oib30', '1994-09-20', 'm', NULL, NULL, NULL, NULL, NULL, 1, 123, 0, NULL, NULL, NULL, NULL, 10, 1460215379, 1460215379, ''),
(449, 'ime31', 'prezime31', 'oib31', '1994-09-20', 'm', NULL, NULL, NULL, NULL, NULL, 1, 123, 0, NULL, NULL, NULL, NULL, 10, 1460215379, 1460215379, ''),
(450, 'ime34', 'prezime34', 'oib34', '1994-09-20', 'm', NULL, NULL, NULL, NULL, NULL, 1, 123, 0, NULL, NULL, NULL, NULL, 10, 1460215379, 1460215379, ''),
(451, 'ime5', 'prezime5', 'oib5', '1994-09-20', 'm', NULL, NULL, NULL, NULL, NULL, 1, 124, 0, NULL, NULL, NULL, NULL, 10, 1460215797, 1460215797, ''),
(452, 'ime6', 'prezime6', 'oib6', '1994-09-20', 'm', NULL, NULL, NULL, NULL, NULL, 1, 124, 0, NULL, NULL, NULL, NULL, 10, 1460215797, 1460215797, ''),
(453, 'ime7', 'prezime7', 'oib7', '1994-09-20', 'm', NULL, NULL, NULL, NULL, NULL, 1, 124, 0, NULL, NULL, NULL, NULL, 10, 1460215797, 1460215797, ''),
(454, 'ime8', 'prezime8', 'oib8', '1994-09-20', 'm', NULL, NULL, NULL, NULL, NULL, 1, 124, 0, NULL, NULL, NULL, NULL, 10, 1460215797, 1460215797, ''),
(455, 'ime9', 'prezime9', 'oib9', '1994-09-20', 'm', NULL, NULL, NULL, NULL, NULL, 1, 124, 0, NULL, NULL, NULL, NULL, 10, 1460215797, 1460215797, ''),
(456, 'ime10', 'prezime10', 'oib10', '1994-09-20', 'm', NULL, NULL, NULL, NULL, NULL, 1, 124, 0, NULL, NULL, NULL, NULL, 10, 1460215797, 1460215797, ''),
(457, 'ime11', 'prezime11', 'oib11', '1994-09-20', 'm', NULL, NULL, NULL, NULL, NULL, 1, 124, 0, NULL, NULL, NULL, NULL, 10, 1460215797, 1460215797, ''),
(458, 'ime12', 'prezime12', 'oib12', '1994-09-20', 'm', NULL, NULL, NULL, NULL, NULL, 1, 124, 0, NULL, NULL, NULL, NULL, 10, 1460215797, 1460215797, ''),
(459, 'ime13', 'prezime13', 'oib13', '1994-09-20', 'm', NULL, NULL, NULL, NULL, NULL, 1, 124, 0, NULL, NULL, NULL, NULL, 10, 1460215797, 1460215797, ''),
(460, 'ime14', 'prezime14', 'oib14', '1994-09-20', 'm', NULL, NULL, NULL, NULL, NULL, 1, 124, 0, NULL, NULL, NULL, NULL, 10, 1460215797, 1460215797, ''),
(461, 'ime15', 'prezime15', 'oib15', '1994-09-20', 'm', NULL, NULL, NULL, NULL, NULL, 1, 124, 0, NULL, NULL, NULL, NULL, 10, 1460215797, 1460215797, ''),
(462, 'ime16', 'prezime16', 'oib16', '1994-09-20', 'm', NULL, NULL, NULL, NULL, NULL, 1, 124, 0, NULL, NULL, NULL, NULL, 10, 1460215797, 1460215797, ''),
(463, 'ime17', 'prezime17', 'oib17', '1994-09-20', 'm', NULL, NULL, NULL, NULL, NULL, 1, 124, 0, NULL, NULL, NULL, NULL, 10, 1460215798, 1460215798, ''),
(464, 'ime18', 'prezime18', 'oib18', '1994-09-20', 'm', NULL, NULL, NULL, NULL, NULL, 1, 124, 0, NULL, NULL, NULL, NULL, 10, 1460215798, 1460215798, ''),
(465, 'ime32', 'prezime32', 'oib32', '1994-09-20', 'm', NULL, NULL, NULL, NULL, NULL, 1, 124, 0, NULL, NULL, NULL, NULL, 10, 1460215798, 1460215798, ''),
(466, 'ime33', 'prezime33', 'oib33', '1994-09-20', 'm', NULL, NULL, NULL, NULL, NULL, 1, 124, 0, NULL, NULL, NULL, NULL, 10, 1460215798, 1460215798, ''),
(467, 'ime19', 'prezime19', 'oib19', '1994-09-20', 'm', NULL, NULL, NULL, NULL, NULL, 1, 125, 0, NULL, NULL, NULL, NULL, 10, 1460215798, 1460215798, ''),
(468, 'ime20', 'prezime20', 'oib20', '1994-09-20', 'm', NULL, NULL, NULL, NULL, NULL, 1, 125, 0, NULL, NULL, NULL, NULL, 10, 1460215798, 1460215798, ''),
(469, 'ime21', 'prezime21', 'oib21', '1994-09-20', 'm', NULL, NULL, NULL, NULL, NULL, 1, 125, 0, NULL, NULL, NULL, NULL, 10, 1460215798, 1460215798, ''),
(470, 'ime22', 'prezime22', 'oib22', '1994-09-20', 'm', NULL, NULL, NULL, NULL, NULL, 1, 125, 0, NULL, NULL, NULL, NULL, 10, 1460215798, 1460215798, ''),
(471, 'ime23', 'prezime23', 'oib23', '1994-09-20', 'm', NULL, NULL, NULL, NULL, NULL, 1, 125, 0, NULL, NULL, NULL, NULL, 10, 1460215798, 1460215798, ''),
(472, 'ime24', 'prezime24', 'oib24', '1994-09-20', 'm', NULL, NULL, NULL, NULL, NULL, 1, 125, 0, NULL, NULL, NULL, NULL, 10, 1460215798, 1460215798, ''),
(473, 'ime25', 'prezime25', 'oib25', '1994-09-20', 'm', NULL, NULL, NULL, NULL, NULL, 1, 125, 0, NULL, NULL, NULL, NULL, 10, 1460215798, 1460215798, ''),
(474, 'ime26', 'prezime26', 'oib26', '1994-09-20', 'm', NULL, NULL, NULL, NULL, NULL, 1, 125, 0, NULL, NULL, NULL, NULL, 10, 1460215798, 1460215798, ''),
(475, 'ime27', 'prezime27', 'oib27', '1994-09-20', 'm', NULL, NULL, NULL, NULL, NULL, 1, 125, 0, NULL, NULL, NULL, NULL, 10, 1460215798, 1460215798, ''),
(476, 'ime28', 'prezime28', 'oib28', '1994-09-20', 'm', NULL, NULL, NULL, NULL, NULL, 1, 125, 0, NULL, NULL, NULL, NULL, 10, 1460215799, 1460215799, ''),
(477, 'ime29', 'prezime29', 'oib29', '1994-09-20', 'm', NULL, NULL, NULL, NULL, NULL, 1, 125, 0, NULL, NULL, NULL, NULL, 10, 1460215799, 1460215799, ''),
(478, 'ime30', 'prezime30', 'oib30', '1994-09-20', 'm', NULL, NULL, NULL, NULL, NULL, 1, 125, 0, NULL, NULL, NULL, NULL, 10, 1460215799, 1460215799, ''),
(479, 'ime31', 'prezime31', 'oib31', '1994-09-20', 'm', NULL, NULL, NULL, NULL, NULL, 1, 125, 0, NULL, NULL, NULL, NULL, 10, 1460215799, 1460215799, ''),
(480, 'ime34', 'prezime34', 'oib34', '1994-09-20', 'm', NULL, NULL, NULL, NULL, NULL, 1, 125, 0, NULL, NULL, NULL, NULL, 10, 1460215799, 1460215799, ''),
(481, 'ime5', 'prezime5', 'oib5', '1994-09-20', 'm', NULL, NULL, NULL, NULL, NULL, 1, 127, 0, NULL, NULL, NULL, NULL, 10, 1460215879, 1460215879, ''),
(482, 'ime6', 'prezime6', 'oib6', '1994-09-20', 'm', NULL, NULL, NULL, NULL, NULL, 1, 127, 0, NULL, NULL, NULL, NULL, 10, 1460215879, 1460215879, ''),
(483, 'ime7', 'prezime7', 'oib7', '1994-09-20', 'm', NULL, NULL, NULL, NULL, NULL, 1, 127, 0, NULL, NULL, NULL, NULL, 10, 1460215879, 1460215879, ''),
(484, 'ime8', 'prezime8', 'oib8', '1994-09-20', 'm', NULL, NULL, NULL, NULL, NULL, 1, 127, 0, NULL, NULL, NULL, NULL, 10, 1460215879, 1460215879, ''),
(485, 'ime9', 'prezime9', 'oib9', '1994-09-20', 'm', NULL, NULL, NULL, NULL, NULL, 1, 127, 0, NULL, NULL, NULL, NULL, 10, 1460215879, 1460215879, ''),
(486, 'ime10', 'prezime10', 'oib10', '1994-09-20', 'm', NULL, NULL, NULL, NULL, NULL, 1, 127, 0, NULL, NULL, NULL, NULL, 10, 1460215879, 1460215879, ''),
(487, 'ime11', 'prezime11', 'oib11', '1994-09-20', 'm', NULL, NULL, NULL, NULL, NULL, 1, 127, 0, NULL, NULL, NULL, NULL, 10, 1460215879, 1460215879, ''),
(488, 'ime12', 'prezime12', 'oib12', '1994-09-20', 'm', NULL, NULL, NULL, NULL, NULL, 1, 127, 0, NULL, NULL, NULL, NULL, 10, 1460215879, 1460215879, ''),
(489, 'ime13', 'prezime13', 'oib13', '1994-09-20', 'm', NULL, NULL, NULL, NULL, NULL, 1, 127, 0, NULL, NULL, NULL, NULL, 10, 1460215880, 1460215880, ''),
(490, 'ime14', 'prezime14', 'oib14', '1994-09-20', 'm', NULL, NULL, NULL, NULL, NULL, 1, 127, 0, NULL, NULL, NULL, NULL, 10, 1460215880, 1460215880, ''),
(491, 'ime15', 'prezime15', 'oib15', '1994-09-20', 'm', NULL, NULL, NULL, NULL, NULL, 1, 127, 0, NULL, NULL, NULL, NULL, 10, 1460215880, 1460215880, ''),
(492, 'ime16', 'prezime16', 'oib16', '1994-09-20', 'm', NULL, NULL, NULL, NULL, NULL, 1, 127, 0, NULL, NULL, NULL, NULL, 10, 1460215880, 1460215880, ''),
(493, 'ime17', 'prezime17', 'oib17', '1994-09-20', 'm', NULL, NULL, NULL, NULL, NULL, 1, 127, 0, NULL, NULL, NULL, NULL, 10, 1460215880, 1460215880, ''),
(494, 'ime18', 'prezime18', 'oib18', '1994-09-20', 'm', NULL, NULL, NULL, NULL, NULL, 1, 127, 0, NULL, NULL, NULL, NULL, 10, 1460215880, 1460215880, ''),
(495, 'ime32', 'prezime32', 'oib32', '1994-09-20', 'm', NULL, NULL, NULL, NULL, NULL, 1, 127, 0, NULL, NULL, NULL, NULL, 10, 1460215880, 1460215880, ''),
(496, 'ime33', 'prezime33', 'oib33', '1994-09-20', 'm', NULL, NULL, NULL, NULL, NULL, 1, 127, 0, NULL, NULL, NULL, NULL, 10, 1460215880, 1460215880, ''),
(497, 'ime19', 'prezime19', 'oib19', '1994-09-20', 'm', NULL, NULL, NULL, NULL, NULL, 1, 128, 0, NULL, NULL, NULL, NULL, 10, 1460215880, 1460215880, ''),
(498, 'ime20', 'prezime20', 'oib20', '1994-09-20', 'm', NULL, NULL, NULL, NULL, NULL, 1, 128, 0, NULL, NULL, NULL, NULL, 10, 1460215880, 1460215880, ''),
(499, 'ime21', 'prezime21', 'oib21', '1994-09-20', 'm', NULL, NULL, NULL, NULL, NULL, 1, 128, 0, NULL, NULL, NULL, NULL, 10, 1460215880, 1460215880, ''),
(500, 'ime22', 'prezime22', 'oib22', '1994-09-20', 'm', NULL, NULL, NULL, NULL, NULL, 1, 128, 0, NULL, NULL, NULL, NULL, 10, 1460215880, 1460215880, ''),
(501, 'ime23', 'prezime23', 'oib23', '1994-09-20', 'm', NULL, NULL, NULL, NULL, NULL, 1, 128, 0, NULL, NULL, NULL, NULL, 10, 1460215880, 1460215880, ''),
(502, 'ime24', 'prezime24', 'oib24', '1994-09-20', 'm', NULL, NULL, NULL, NULL, NULL, 1, 128, 0, NULL, NULL, NULL, NULL, 10, 1460215880, 1460215880, ''),
(503, 'ime25', 'prezime25', 'oib25', '1994-09-20', 'm', NULL, NULL, NULL, NULL, NULL, 1, 128, 0, NULL, NULL, NULL, NULL, 10, 1460215881, 1460215881, ''),
(504, 'ime26', 'prezime26', 'oib26', '1994-09-20', 'm', NULL, NULL, NULL, NULL, NULL, 1, 128, 0, NULL, NULL, NULL, NULL, 10, 1460215881, 1460215881, ''),
(505, 'ime27', 'prezime27', 'oib27', '1994-09-20', 'm', NULL, NULL, NULL, NULL, NULL, 1, 128, 0, NULL, NULL, NULL, NULL, 10, 1460215881, 1460215881, ''),
(506, 'ime28', 'prezime28', 'oib28', '1994-09-20', 'm', NULL, NULL, NULL, NULL, NULL, 1, 128, 0, NULL, NULL, NULL, NULL, 10, 1460215881, 1460215881, ''),
(507, 'ime29', 'prezime29', 'oib29', '1994-09-20', 'm', NULL, NULL, NULL, NULL, NULL, 1, 128, 0, NULL, NULL, NULL, NULL, 10, 1460215881, 1460215881, ''),
(508, 'ime30', 'prezime30', 'oib30', '1994-09-20', 'm', NULL, NULL, NULL, NULL, NULL, 1, 128, 0, NULL, NULL, NULL, NULL, 10, 1460215881, 1460215881, ''),
(509, 'ime31', 'prezime31', 'oib31', '1994-09-20', 'm', NULL, NULL, NULL, NULL, NULL, 1, 128, 0, NULL, NULL, NULL, NULL, 10, 1460215881, 1460215881, ''),
(510, 'ime34', 'prezime34', 'oib34', '1994-09-20', 'm', NULL, NULL, NULL, NULL, NULL, 1, 128, 0, NULL, NULL, NULL, NULL, 10, 1460215881, 1460215881, ''),
(511, 'ime5', 'prezime5', 'oib5', '1994-09-20', 'm', NULL, NULL, NULL, NULL, NULL, 1, 129, 0, NULL, NULL, NULL, NULL, 10, 1460215932, 1460215932, ''),
(512, 'ime6', 'prezime6', 'oib6', '1994-09-20', 'm', NULL, NULL, NULL, NULL, NULL, 1, 129, 0, NULL, NULL, NULL, NULL, 10, 1460215932, 1460215932, ''),
(513, 'ime7', 'prezime7', 'oib7', '1994-09-20', 'm', NULL, NULL, NULL, NULL, NULL, 1, 129, 0, NULL, NULL, NULL, NULL, 10, 1460215932, 1460215932, ''),
(514, 'ime8', 'prezime8', 'oib8', '1994-09-20', 'm', NULL, NULL, NULL, NULL, NULL, 1, 129, 0, NULL, NULL, NULL, NULL, 10, 1460215932, 1460215932, ''),
(515, 'ime9', 'prezime9', 'oib9', '1994-09-20', 'm', NULL, NULL, NULL, NULL, NULL, 1, 129, 0, NULL, NULL, NULL, NULL, 10, 1460215932, 1460215932, ''),
(516, 'ime10', 'prezime10', 'oib10', '1994-09-20', 'm', NULL, NULL, NULL, NULL, NULL, 1, 129, 0, NULL, NULL, NULL, NULL, 10, 1460215932, 1460215932, ''),
(517, 'ime11', 'prezime11', 'oib11', '1994-09-20', 'm', NULL, NULL, NULL, NULL, NULL, 1, 129, 0, NULL, NULL, NULL, NULL, 10, 1460215932, 1460215932, ''),
(518, 'ime12', 'prezime12', 'oib12', '1994-09-20', 'm', NULL, NULL, NULL, NULL, NULL, 1, 129, 0, NULL, NULL, NULL, NULL, 10, 1460215933, 1460215933, ''),
(519, 'ime13', 'prezime13', 'oib13', '1994-09-20', 'm', NULL, NULL, NULL, NULL, NULL, 1, 129, 0, NULL, NULL, NULL, NULL, 10, 1460215933, 1460215933, ''),
(520, 'ime14', 'prezime14', 'oib14', '1994-09-20', 'm', NULL, NULL, NULL, NULL, NULL, 1, 129, 0, NULL, NULL, NULL, NULL, 10, 1460215933, 1460215933, ''),
(521, 'ime15', 'prezime15', 'oib15', '1994-09-20', 'm', NULL, NULL, NULL, NULL, NULL, 1, 129, 0, NULL, NULL, NULL, NULL, 10, 1460215933, 1460215933, ''),
(522, 'ime16', 'prezime16', 'oib16', '1994-09-20', 'm', NULL, NULL, NULL, NULL, NULL, 1, 129, 0, NULL, NULL, NULL, NULL, 10, 1460215933, 1460215933, ''),
(523, 'ime17', 'prezime17', 'oib17', '1994-09-20', 'm', NULL, NULL, NULL, NULL, NULL, 1, 129, 0, NULL, NULL, NULL, NULL, 10, 1460215933, 1460215933, ''),
(524, 'ime18', 'prezime18', 'oib18', '1994-09-20', 'm', NULL, NULL, NULL, NULL, NULL, 1, 129, 0, NULL, NULL, NULL, NULL, 10, 1460215933, 1460215933, ''),
(525, 'ime32', 'prezime32', 'oib32', '1994-09-20', 'm', NULL, NULL, NULL, NULL, NULL, 1, 129, 0, NULL, NULL, NULL, NULL, 10, 1460215933, 1460215933, ''),
(526, 'ime33', 'prezime33', 'oib33', '1994-09-20', 'm', NULL, NULL, NULL, NULL, NULL, 1, 129, 0, NULL, NULL, NULL, NULL, 10, 1460215933, 1460215933, ''),
(527, 'ime19', 'prezime19', 'oib19', '1994-09-20', 'm', NULL, NULL, NULL, NULL, NULL, 1, 130, 0, NULL, NULL, NULL, NULL, 10, 1460215933, 1460215933, ''),
(528, 'ime20', 'prezime20', 'oib20', '1994-09-20', 'm', NULL, NULL, NULL, NULL, NULL, 1, 130, 0, NULL, NULL, NULL, NULL, 10, 1460215933, 1460215933, ''),
(529, 'ime21', 'prezime21', 'oib21', '1994-09-20', 'm', NULL, NULL, NULL, NULL, NULL, 1, 130, 0, NULL, NULL, NULL, NULL, 10, 1460215933, 1460215933, ''),
(530, 'ime22', 'prezime22', 'oib22', '1994-09-20', 'm', NULL, NULL, NULL, NULL, NULL, 1, 130, 0, NULL, NULL, NULL, NULL, 10, 1460215933, 1460215933, ''),
(531, 'ime23', 'prezime23', 'oib23', '1994-09-20', 'm', NULL, NULL, NULL, NULL, NULL, 1, 130, 0, NULL, NULL, NULL, NULL, 10, 1460215933, 1460215933, ''),
(532, 'ime24', 'prezime24', 'oib24', '1994-09-20', 'm', NULL, NULL, NULL, NULL, NULL, 1, 130, 0, NULL, NULL, NULL, NULL, 10, 1460215933, 1460215933, ''),
(533, 'ime25', 'prezime25', 'oib25', '1994-09-20', 'm', NULL, NULL, NULL, NULL, NULL, 1, 130, 0, NULL, NULL, NULL, NULL, 10, 1460215934, 1460215934, ''),
(534, 'ime26', 'prezime26', 'oib26', '1994-09-20', 'm', NULL, NULL, NULL, NULL, NULL, 1, 130, 0, NULL, NULL, NULL, NULL, 10, 1460215934, 1460215934, ''),
(535, 'ime27', 'prezime27', 'oib27', '1994-09-20', 'm', NULL, NULL, NULL, NULL, NULL, 1, 130, 0, NULL, NULL, NULL, NULL, 10, 1460215934, 1460215934, ''),
(536, 'ime28', 'prezime28', 'oib28', '1994-09-20', 'm', NULL, NULL, NULL, NULL, NULL, 1, 130, 0, NULL, NULL, NULL, NULL, 10, 1460215934, 1460215934, ''),
(537, 'ime29', 'prezime29', 'oib29', '1994-09-20', 'm', NULL, NULL, NULL, NULL, NULL, 1, 130, 0, NULL, NULL, NULL, NULL, 10, 1460215934, 1460215934, ''),
(538, 'ime30', 'prezime30', 'oib30', '1994-09-20', 'm', NULL, NULL, NULL, NULL, NULL, 1, 130, 0, NULL, NULL, NULL, NULL, 10, 1460215934, 1460215934, ''),
(539, 'ime31', 'prezime31', 'oib31', '1994-09-20', 'm', NULL, NULL, NULL, NULL, NULL, 1, 130, 0, NULL, NULL, NULL, NULL, 10, 1460215934, 1460215934, ''),
(540, 'ime34', 'prezime34', 'oib34', '1994-09-20', 'm', NULL, NULL, NULL, NULL, NULL, 1, 130, 0, NULL, NULL, NULL, NULL, 10, 1460215934, 1460215934, ''),
(541, 'ime5', 'prezime5', 'oib5', '1994-09-20', 'm', NULL, NULL, NULL, NULL, NULL, 1, 132, 0, NULL, NULL, NULL, NULL, 10, 1460218024, 1460218024, 'DGGGGGGGGGGGGGGGBBBBBBBBBBBB\\r'),
(542, 'ime6', 'prezime6', 'oib6', '1994-09-20', 'm', NULL, NULL, NULL, NULL, NULL, 1, 132, 0, NULL, NULL, NULL, NULL, 10, 1460218024, 1460218024, 'DDDDDDDDDDDDDDDDDDDDDDDDDDDD\\r'),
(543, 'ime7', 'prezime7', 'oib7', '1994-09-20', 'm', NULL, NULL, NULL, NULL, NULL, 1, 132, 0, NULL, NULL, NULL, NULL, 10, 1460218024, 1460218024, 'DDDDDDDDDDDDDDDDDDDDDDDDDDDD\\r'),
(544, 'ime8', 'prezime8', 'oib8', '1994-09-20', 'm', NULL, NULL, NULL, NULL, NULL, 1, 132, 0, NULL, NULL, NULL, NULL, 10, 1460218024, 1460218024, 'DDDDDDDDDDDDDDDDDDDDDDDDDDDD\\r'),
(545, 'ime9', 'prezime9', 'oib9', '1994-09-20', 'm', NULL, NULL, NULL, NULL, NULL, 1, 132, 0, NULL, NULL, NULL, NULL, 10, 1460218024, 1460218024, 'DDDDDDDDDDDDDDDDDDDDDDDDDDDD\\r'),
(546, 'ime10', 'prezime10', 'oib10', '1994-09-20', 'm', NULL, NULL, NULL, NULL, NULL, 1, 132, 0, NULL, NULL, NULL, NULL, 10, 1460218024, 1460218024, 'DDDDDDDDDDDDDDDDDDDDDDDDDDDD\\r'),
(547, 'ime11', 'prezime11', 'oib11', '1994-09-20', 'm', NULL, NULL, NULL, NULL, NULL, 1, 132, 0, NULL, NULL, NULL, NULL, 10, 1460218025, 1460218025, 'DDDDDDDDDDDDDDDDDDDDDDDDDDDD\\r'),
(548, 'ime12', 'prezime12', 'oib12', '1994-09-20', 'm', NULL, NULL, NULL, NULL, NULL, 1, 132, 0, NULL, NULL, NULL, NULL, 10, 1460218025, 1460218025, 'DDDDDDDDDDDDDDDDDDDDDDDGGGGG\\r'),
(549, 'ime13', 'prezime13', 'oib13', '1994-09-20', 'm', NULL, NULL, NULL, NULL, NULL, 1, 132, 0, NULL, NULL, NULL, NULL, 10, 1460218025, 1460218025, 'DDDDDDDDDDDDDDDDDDDDDDDGGGGG\\r'),
(550, 'ime14', 'prezime14', 'oib14', '1994-09-20', 'm', NULL, NULL, NULL, NULL, NULL, 1, 132, 0, NULL, NULL, NULL, NULL, 10, 1460218025, 1460218025, 'DDDDDDDDDDDDDDGGGGGGGGGDDDDD\\r'),
(551, 'ime15', 'prezime15', 'oib15', '1994-09-20', 'm', NULL, NULL, NULL, NULL, NULL, 1, 132, 0, NULL, NULL, NULL, NULL, 10, 1460218025, 1460218025, 'DDDDDDDDDDDDDDDDDDDDDDDDDDDD\\r'),
(552, 'ime16', 'prezime16', 'oib16', '1994-09-20', 'm', NULL, NULL, NULL, NULL, NULL, 1, 132, 0, NULL, NULL, NULL, NULL, 10, 1460218025, 1460218025, 'DDDDDDDDDDDDDDDDDDDDDDDGGGGG\\r'),
(553, 'ime17', 'prezime17', 'oib17', '1994-09-20', 'm', NULL, NULL, NULL, NULL, NULL, 1, 132, 0, NULL, NULL, NULL, NULL, 10, 1460218025, 1460218025, 'DDDDDDDDDDDDDDDDDDDDDDDDDDDD\\r'),
(554, 'ime18', 'prezime18', 'oib18', '1994-09-20', 'm', NULL, NULL, NULL, NULL, NULL, 1, 132, 0, NULL, NULL, NULL, NULL, 10, 1460218025, 1460218025, 'DDDDDDDDDDDDDDDDDDDDDDDDDDDD\\r'),
(555, 'ime32', 'prezime32', 'oib32', '1994-09-20', 'm', NULL, NULL, NULL, NULL, NULL, 1, 132, 0, NULL, NULL, NULL, NULL, 10, 1460218026, 1460218026, 'DDDDDDDDDDDDDDDDDDDDDGGGGDDD\\r'),
(556, 'ime33', 'prezime33', 'oib33', '1994-09-20', 'm', NULL, NULL, NULL, NULL, NULL, 1, 132, 0, NULL, NULL, NULL, NULL, 10, 1460218026, 1460218026, 'DDDDDDDDDDDDDDDDDDDDDDGDDDDD\\r'),
(557, 'ime19', 'prezime19', 'oib19', '1994-09-20', 'm', NULL, NULL, NULL, NULL, NULL, 1, 133, 0, NULL, NULL, NULL, NULL, 10, 1460218026, 1460218026, 'GGGGGGGGGGGGDDDDDDDDDDDDDDDD\\r'),
(558, 'ime20', 'prezime20', 'oib20', '1994-09-20', 'm', NULL, NULL, NULL, NULL, NULL, 1, 133, 0, NULL, NULL, NULL, NULL, 10, 1460218026, 1460218026, 'DDDDDDDDDDDDDDDDDDDDDDDDDDDD\\r'),
(559, 'ime21', 'prezime21', 'oib21', '1994-09-20', 'm', NULL, NULL, NULL, NULL, NULL, 1, 133, 0, NULL, NULL, NULL, NULL, 10, 1460218026, 1460218026, 'GGGGGGGGGGGGGGGGGGDDDDDDDDDD\\r'),
(560, 'ime22', 'prezime22', 'oib22', '1994-09-20', 'm', NULL, NULL, NULL, NULL, NULL, 1, 133, 0, NULL, NULL, NULL, NULL, 10, 1460218026, 1460218026, 'DDDDDDDDDDDDDDGGGGGGGGGDDDDD\\r'),
(561, 'ime23', 'prezime23', 'oib23', '1994-09-20', 'm', NULL, NULL, NULL, NULL, NULL, 1, 133, 0, NULL, NULL, NULL, NULL, 10, 1460218026, 1460218026, 'DDDDDDDDDDDDDDDDDDDDDDDDDDDD\\r'),
(562, 'ime24', 'prezime24', 'oib24', '1994-09-20', 'm', NULL, NULL, NULL, NULL, NULL, 1, 133, 0, NULL, NULL, NULL, NULL, 10, 1460218026, 1460218026, 'DDGGGGGGGGGGGGGGGGGGDDDDDDDD\\r'),
(563, 'ime25', 'prezime25', 'oib25', '1994-09-20', 'm', NULL, NULL, NULL, NULL, NULL, 1, 133, 0, NULL, NULL, NULL, NULL, 10, 1460218026, 1460218026, 'DDDDDDDDDDDDDDDDDDDDDDDDDDDD\\r'),
(564, 'ime26', 'prezime26', 'oib26', '1994-09-20', 'm', NULL, NULL, NULL, NULL, NULL, 1, 133, 0, NULL, NULL, NULL, NULL, 10, 1460218027, 1460218027, 'DDDDDDDDDDDDDDDDDDDDDDDDDDDD\\r'),
(565, 'ime27', 'prezime27', 'oib27', '1994-09-20', 'm', NULL, NULL, NULL, NULL, NULL, 1, 133, 0, NULL, NULL, NULL, NULL, 10, 1460218027, 1460218027, 'DDDDDDDDDDDDDDDDDDDDDDDDDDDD\\r'),
(566, 'ime28', 'prezime28', 'oib28', '1994-09-20', 'm', NULL, NULL, NULL, NULL, NULL, 1, 133, 0, NULL, NULL, NULL, NULL, 10, 1460218027, 1460218027, 'DDDDDDBBBBDDDDDDDDDDDDDDDDDD\\r'),
(567, 'ime29', 'prezime29', 'oib29', '1994-09-20', 'm', NULL, NULL, NULL, NULL, NULL, 1, 133, 0, NULL, NULL, NULL, NULL, 10, 1460218027, 1460218027, 'GGGGGGGGGGGGGGGGGGDGGDDGGDDG\\r'),
(568, 'ime30', 'prezime30', 'oib30', '1994-09-20', 'm', NULL, NULL, NULL, NULL, NULL, 1, 133, 0, NULL, NULL, NULL, NULL, 10, 1460218027, 1460218027, 'DDDDDDDDDDDDDDDDDDDDDDDDDDDD\\r'),
(569, 'ime31', 'prezime31', 'oib31', '1994-09-20', 'm', NULL, NULL, NULL, NULL, NULL, 1, 133, 0, NULL, NULL, NULL, NULL, 10, 1460218027, 1460218027, 'DDDDDDDDDDDDDDDDDDDDDDDDDDDD\\r'),
(570, 'ime34', 'prezime34', 'oib34', '1994-09-20', 'm', NULL, NULL, NULL, NULL, NULL, 1, 133, 0, NULL, NULL, NULL, NULL, 10, 1460218027, 1460218027, 'GGGGGGGGGGGGGGGGGGGGGGDDDDDD"'),
(571, 'ime5', 'prezime5', 'oib5', '1994-09-20', 'm', NULL, NULL, NULL, NULL, NULL, 1, 134, 0, NULL, NULL, NULL, NULL, 10, 1460218133, 1460218133, 'DGGGGGGGGGGGGGGGBBBBBBBBBBBB\\r'),
(572, 'ime6', 'prezime6', 'oib6', '1994-09-20', 'm', NULL, NULL, NULL, NULL, NULL, 1, 134, 0, NULL, NULL, NULL, NULL, 10, 1460218133, 1460218133, 'DDDDDDDDDDDDDDDDDDDDDDDDDDDD\\r'),
(573, 'ime7', 'prezime7', 'oib7', '1994-09-20', 'm', NULL, NULL, NULL, NULL, NULL, 1, 134, 0, NULL, NULL, NULL, NULL, 10, 1460218133, 1460218133, 'DDDDDDDDDDDDDDDDDDDDDDDDDDDD\\r'),
(574, 'ime8', 'prezime8', 'oib8', '1994-09-20', 'm', NULL, NULL, NULL, NULL, NULL, 1, 134, 0, NULL, NULL, NULL, NULL, 10, 1460218133, 1460218133, 'DDDDDDDDDDDDDDDDDDDDDDDDDDDD\\r'),
(575, 'ime9', 'prezime9', 'oib9', '1994-09-20', 'm', NULL, NULL, NULL, NULL, NULL, 1, 134, 0, NULL, NULL, NULL, NULL, 10, 1460218133, 1460218133, 'DDDDDDDDDDDDDDDDDDDDDDDDDDDD\\r'),
(576, 'ime10', 'prezime10', 'oib10', '1994-09-20', 'm', NULL, NULL, NULL, NULL, NULL, 1, 134, 0, NULL, NULL, NULL, NULL, 10, 1460218133, 1460218133, 'DDDDDDDDDDDDDDDDDDDDDDDDDDDD\\r'),
(577, 'ime11', 'prezime11', 'oib11', '1994-09-20', 'm', NULL, NULL, NULL, NULL, NULL, 1, 134, 0, NULL, NULL, NULL, NULL, 10, 1460218134, 1460218134, 'DDDDDDDDDDDDDDDDDDDDDDDDDDDD\\r'),
(578, 'ime12', 'prezime12', 'oib12', '1994-09-20', 'm', NULL, NULL, NULL, NULL, NULL, 1, 134, 0, NULL, NULL, NULL, NULL, 10, 1460218134, 1460218134, 'DDDDDDDDDDDDDDDDDDDDDDDGGGGG\\r'),
(579, 'ime13', 'prezime13', 'oib13', '1994-09-20', 'm', NULL, NULL, NULL, NULL, NULL, 1, 134, 0, NULL, NULL, NULL, NULL, 10, 1460218134, 1460218134, 'DDDDDDDDDDDDDDDDDDDDDDDGGGGG\\r'),
(580, 'ime14', 'prezime14', 'oib14', '1994-09-20', 'm', NULL, NULL, NULL, NULL, NULL, 1, 134, 0, NULL, NULL, NULL, NULL, 10, 1460218134, 1460218134, 'DDDDDDDDDDDDDDGGGGGGGGGDDDDD\\r'),
(581, 'ime15', 'prezime15', 'oib15', '1994-09-20', 'm', NULL, NULL, NULL, NULL, NULL, 1, 134, 0, NULL, NULL, NULL, NULL, 10, 1460218134, 1460218134, 'DDDDDDDDDDDDDDDDDDDDDDDDDDDD\\r'),
(582, 'ime16', 'prezime16', 'oib16', '1994-09-20', 'm', NULL, NULL, NULL, NULL, NULL, 1, 134, 0, NULL, NULL, NULL, NULL, 10, 1460218134, 1460218134, 'DDDDDDDDDDDDDDDDDDDDDDDGGGGG\\r'),
(583, 'ime17', 'prezime17', 'oib17', '1994-09-20', 'm', NULL, NULL, NULL, NULL, NULL, 1, 134, 0, NULL, NULL, NULL, NULL, 10, 1460218134, 1460218134, 'DDDDDDDDDDDDDDDDDDDDDDDDDDDD\\r'),
(584, 'ime18', 'prezime18', 'oib18', '1994-09-20', 'm', NULL, NULL, NULL, NULL, NULL, 1, 134, 0, NULL, NULL, NULL, NULL, 10, 1460218134, 1460218134, 'DDDDDDDDDDDDDDDDDDDDDDDDDDDD\\r'),
(585, 'ime32', 'prezime32', 'oib32', '1994-09-20', 'm', NULL, NULL, NULL, NULL, NULL, 1, 134, 0, NULL, NULL, NULL, NULL, 10, 1460218134, 1460218134, 'DDDDDDDDDDDDDDDDDDDDDGGGGDDD\\r'),
(586, 'ime33', 'prezime33', 'oib33', '1994-09-20', 'm', NULL, NULL, NULL, NULL, NULL, 1, 134, 0, NULL, NULL, NULL, NULL, 10, 1460218134, 1460218134, 'DDDDDDDDDDDDDDDDDDDDDDGDDDDD\\r'),
(587, 'ime19', 'prezime19', 'oib19', '1994-09-20', 'm', NULL, NULL, NULL, NULL, NULL, 1, 135, 0, NULL, NULL, NULL, NULL, 10, 1460218134, 1460218134, 'GGGGGGGGGGGGDDDDDDDDDDDDDDDD\\r'),
(588, 'ime20', 'prezime20', 'oib20', '1994-09-20', 'm', NULL, NULL, NULL, NULL, NULL, 1, 135, 0, NULL, NULL, NULL, NULL, 10, 1460218135, 1460218135, 'DDDDDDDDDDDDDDDDDDDDDDDDDDDD\\r'),
(589, 'ime21', 'prezime21', 'oib21', '1994-09-20', 'm', NULL, NULL, NULL, NULL, NULL, 1, 135, 0, NULL, NULL, NULL, NULL, 10, 1460218135, 1460218135, 'GGGGGGGGGGGGGGGGGGDDDDDDDDDD\\r'),
(590, 'ime22', 'prezime22', 'oib22', '1994-09-20', 'm', NULL, NULL, NULL, NULL, NULL, 1, 135, 0, NULL, NULL, NULL, NULL, 10, 1460218135, 1460218135, 'DDDDDDDDDDDDDDGGGGGGGGGDDDDD\\r'),
(591, 'ime23', 'prezime23', 'oib23', '1994-09-20', 'm', NULL, NULL, NULL, NULL, NULL, 1, 135, 0, NULL, NULL, NULL, NULL, 10, 1460218135, 1460218135, 'DDDDDDDDDDDDDDDDDDDDDDDDDDDD\\r'),
(592, 'ime24', 'prezime24', 'oib24', '1994-09-20', 'm', NULL, NULL, NULL, NULL, NULL, 1, 135, 0, NULL, NULL, NULL, NULL, 10, 1460218135, 1460218135, 'DDGGGGGGGGGGGGGGGGGGDDDDDDDD\\r'),
(593, 'ime25', 'prezime25', 'oib25', '1994-09-20', 'm', NULL, NULL, NULL, NULL, NULL, 1, 135, 0, NULL, NULL, NULL, NULL, 10, 1460218135, 1460218135, 'DDDDDDDDDDDDDDDDDDDDDDDDDDDD\\r'),
(594, 'ime26', 'prezime26', 'oib26', '1994-09-20', 'm', NULL, NULL, NULL, NULL, NULL, 1, 135, 0, NULL, NULL, NULL, NULL, 10, 1460218135, 1460218135, 'DDDDDDDDDDDDDDDDDDDDDDDDDDDD\\r'),
(595, 'ime27', 'prezime27', 'oib27', '1994-09-20', 'm', NULL, NULL, NULL, NULL, NULL, 1, 135, 0, NULL, NULL, NULL, NULL, 10, 1460218135, 1460218135, 'DDDDDDDDDDDDDDDDDDDDDDDDDDDD\\r'),
(596, 'ime28', 'prezime28', 'oib28', '1994-09-20', 'm', NULL, NULL, NULL, NULL, NULL, 1, 135, 0, NULL, NULL, NULL, NULL, 10, 1460218135, 1460218135, 'DDDDDDBBBBDDDDDDDDDDDDDDDDDD\\r'),
(597, 'ime29', 'prezime29', 'oib29', '1994-09-20', 'm', NULL, NULL, NULL, NULL, NULL, 1, 135, 0, NULL, NULL, NULL, NULL, 10, 1460218135, 1460218135, 'GGGGGGGGGGGGGGGGGGDGGDDGGDDG\\r'),
(598, 'ime30', 'prezime30', 'oib30', '1994-09-20', 'm', NULL, NULL, NULL, NULL, NULL, 1, 135, 0, NULL, NULL, NULL, NULL, 10, 1460218136, 1460218136, 'DDDDDDDDDDDDDDDDDDDDDDDDDDDD\\r'),
(599, 'ime31', 'prezime31', 'oib31', '1994-09-20', 'm', NULL, NULL, NULL, NULL, NULL, 1, 135, 0, NULL, NULL, NULL, NULL, 10, 1460218136, 1460218136, 'DDDDDDDDDDDDDDDDDDDDDDDDDDDD\\r'),
(600, 'ime34', 'prezime34', 'oib34', '1994-09-20', 'm', NULL, NULL, NULL, NULL, NULL, 1, 135, 0, NULL, NULL, NULL, NULL, 10, 1460218136, 1460218136, 'GGGGGGGGGGGGGGGGGGGGGGDDDDDD"'),
(601, 'ime5', 'prezime5', 'oib5', '1994-09-20', 'm', NULL, NULL, NULL, NULL, NULL, 1, 136, 0, NULL, NULL, NULL, NULL, 10, 1460218266, 1460218266, 'DGGGGGGGGGGGGGGGBBBBBBBBBBBB'),
(602, 'ime6', 'prezime6', 'oib6', '1994-09-20', 'm', NULL, NULL, NULL, NULL, NULL, 1, 136, 0, NULL, NULL, NULL, NULL, 10, 1460218266, 1460218266, 'DDDDDDDDDDDDDDDDDDDDDDDDDDDD'),
(603, 'ime7', 'prezime7', 'oib7', '1994-09-20', 'm', NULL, NULL, NULL, NULL, NULL, 1, 136, 0, NULL, NULL, NULL, NULL, 10, 1460218267, 1460218267, 'DDDDDDDDDDDDDDDDDDDDDDDDDDDD'),
(604, 'ime8', 'prezime8', 'oib8', '1994-09-20', 'm', NULL, NULL, NULL, NULL, NULL, 1, 136, 0, NULL, NULL, NULL, NULL, 10, 1460218267, 1460218267, 'DDDDDDDDDDDDDDDDDDDDDDDDDDDD'),
(605, 'ime9', 'prezime9', 'oib9', '1994-09-20', 'm', NULL, NULL, NULL, NULL, NULL, 1, 136, 0, NULL, NULL, NULL, NULL, 10, 1460218267, 1460218267, 'DDDDDDDDDDDDDDDDDDDDDDDDDDDD'),
(606, 'ime10', 'prezime10', 'oib10', '1994-09-20', 'm', NULL, NULL, NULL, NULL, NULL, 1, 136, 0, NULL, NULL, NULL, NULL, 10, 1460218267, 1460218267, 'DDDDDDDDDDDDDDDDDDDDDDDDDDDD'),
(607, 'ime11', 'prezime11', 'oib11', '1994-09-20', 'm', NULL, NULL, NULL, NULL, NULL, 1, 136, 0, NULL, NULL, NULL, NULL, 10, 1460218267, 1460218267, 'DDDDDDDDDDDDDDDDDDDDDDDDDDDD'),
(608, 'ime12', 'prezime12', 'oib12', '1994-09-20', 'm', NULL, NULL, NULL, NULL, NULL, 1, 136, 0, NULL, NULL, NULL, NULL, 10, 1460218267, 1460218267, 'DDDDDDDDDDDDDDDDDDDDDDDGGGGG'),
(609, 'ime13', 'prezime13', 'oib13', '1994-09-20', 'm', NULL, NULL, NULL, NULL, NULL, 1, 136, 0, NULL, NULL, NULL, NULL, 10, 1460218267, 1460218267, 'DDDDDDDDDDDDDDDDDDDDDDDGGGGG'),
(610, 'ime14', 'prezime14', 'oib14', '1994-09-20', 'm', NULL, NULL, NULL, NULL, NULL, 1, 136, 0, NULL, NULL, NULL, NULL, 10, 1460218267, 1460218267, 'DDDDDDDDDDDDDDGGGGGGGGGDDDDD'),
(611, 'ime15', 'prezime15', 'oib15', '1994-09-20', 'm', NULL, NULL, NULL, NULL, NULL, 1, 136, 0, NULL, NULL, NULL, NULL, 10, 1460218267, 1460218267, 'DDDDDDDDDDDDDDDDDDDDDDDDDDDD'),
(612, 'ime16', 'prezime16', 'oib16', '1994-09-20', 'm', NULL, NULL, NULL, NULL, NULL, 1, 136, 0, NULL, NULL, NULL, NULL, 10, 1460218267, 1460218267, 'DDDDDDDDDDDDDDDDDDDDDDDGGGGG'),
(613, 'ime17', 'prezime17', 'oib17', '1994-09-20', 'm', NULL, NULL, NULL, NULL, NULL, 1, 136, 0, NULL, NULL, NULL, NULL, 10, 1460218267, 1460218267, 'DDDDDDDDDDDDDDDDDDDDDDDDDDDD'),
(614, 'ime18', 'prezime18', 'oib18', '1994-09-20', 'm', NULL, NULL, NULL, NULL, NULL, 1, 136, 0, NULL, NULL, NULL, NULL, 10, 1460218267, 1460218267, 'DDDDDDDDDDDDDDDDDDDDDDDDDDDD'),
(615, 'ime32', 'prezime32', 'oib32', '1994-09-20', 'm', NULL, NULL, NULL, NULL, NULL, 1, 136, 0, NULL, NULL, NULL, NULL, 10, 1460218267, 1460218267, 'DDDDDDDDDDDDDDDDDDDDDGGGGDDD'),
(616, 'ime33', 'prezime33', 'oib33', '1994-09-20', 'm', NULL, NULL, NULL, NULL, NULL, 1, 136, 0, NULL, NULL, NULL, NULL, 10, 1460218267, 1460218267, 'DDDDDDDDDDDDDDDDDDDDDDGDDDDD'),
(617, 'ime19', 'prezime19', 'oib19', '1994-09-20', 'm', NULL, NULL, NULL, NULL, NULL, 1, 137, 0, NULL, NULL, NULL, NULL, 10, 1460218268, 1460218268, 'GGGGGGGGGGGGDDDDDDDDDDDDDDDD'),
(618, 'ime20', 'prezime20', 'oib20', '1994-09-20', 'm', NULL, NULL, NULL, NULL, NULL, 1, 137, 0, NULL, NULL, NULL, NULL, 10, 1460218268, 1460218268, 'DDDDDDDDDDDDDDDDDDDDDDDDDDDD'),
(619, 'ime21', 'prezime21', 'oib21', '1994-09-20', 'm', NULL, NULL, NULL, NULL, NULL, 1, 137, 0, NULL, NULL, NULL, NULL, 10, 1460218268, 1460218268, 'GGGGGGGGGGGGGGGGGGDDDDDDDDDD'),
(620, 'ime22', 'prezime22', 'oib22', '1994-09-20', 'm', NULL, NULL, NULL, NULL, NULL, 1, 137, 0, NULL, NULL, NULL, NULL, 10, 1460218268, 1460218268, 'DDDDDDDDDDDDDDGGGGGGGGGDDDDD'),
(621, 'ime23', 'prezime23', 'oib23', '1994-09-20', 'm', NULL, NULL, NULL, NULL, NULL, 1, 137, 0, NULL, NULL, NULL, NULL, 10, 1460218268, 1460218268, 'DDDDDDDDDDDDDDDDDDDDDDDDDDDD'),
(622, 'ime24', 'prezime24', 'oib24', '1994-09-20', 'm', NULL, NULL, NULL, NULL, NULL, 1, 137, 0, NULL, NULL, NULL, NULL, 10, 1460218268, 1460218268, 'DDGGGGGGGGGGGGGGGGGGDDDDDDDD'),
(623, 'ime25', 'prezime25', 'oib25', '1994-09-20', 'm', NULL, NULL, NULL, NULL, NULL, 1, 137, 0, NULL, NULL, NULL, NULL, 10, 1460218268, 1460218268, 'DDDDDDDDDDDDDDDDDDDDDDDDDDDD'),
(624, 'ime26', 'prezime26', 'oib26', '1994-09-20', 'm', NULL, NULL, NULL, NULL, NULL, 1, 137, 0, NULL, NULL, NULL, NULL, 10, 1460218268, 1460218268, 'DDDDDDDDDDDDDDDDDDDDDDDDDDDD'),
(625, 'ime27', 'prezime27', 'oib27', '1994-09-20', 'm', NULL, NULL, NULL, NULL, NULL, 1, 137, 0, NULL, NULL, NULL, NULL, 10, 1460218268, 1460218268, 'DDDDDDDDDDDDDDDDDDDDDDDDDDDD'),
(626, 'ime28', 'prezime28', 'oib28', '1994-09-20', 'm', NULL, NULL, NULL, NULL, NULL, 1, 137, 0, NULL, NULL, NULL, NULL, 10, 1460218269, 1460218269, 'DDDDDDBBBBDDDDDDDDDDDDDDDDDD'),
(627, 'ime29', 'prezime29', 'oib29', '1994-09-20', 'm', NULL, NULL, NULL, NULL, NULL, 1, 137, 0, NULL, NULL, NULL, NULL, 10, 1460218269, 1460218269, 'GGGGGGGGGGGGGGGGGGDGGDDGGDDG'),
(628, 'ime30', 'prezime30', 'oib30', '1994-09-20', 'm', NULL, NULL, NULL, NULL, NULL, 1, 137, 0, NULL, NULL, NULL, NULL, 10, 1460218269, 1460218269, 'DDDDDDDDDDDDDDDDDDDDDDDDDDDD'),
(629, 'ime31', 'prezime31', 'oib31', '1994-09-20', 'm', NULL, NULL, NULL, NULL, NULL, 1, 137, 0, NULL, NULL, NULL, NULL, 10, 1460218269, 1460218269, 'DDDDDDDDDDDDDDDDDDDDDDDDDDDD'),
(630, 'ime34', 'prezime34', 'oib34', '1994-09-20', 'm', NULL, NULL, NULL, NULL, NULL, 1, 137, 0, NULL, NULL, NULL, NULL, 10, 1460218269, 1460218269, 'GGGGGGGGGGGGGGGGGGGGGGDDDDDD'),
(631, 'ime5', 'prezime5', 'oib5', '1994-09-20', 'm', NULL, NULL, NULL, NULL, NULL, 1, 139, 0, NULL, NULL, NULL, NULL, 10, 1460218364, 1460218364, 'DGGGGGGGGGGGGGGGBBBBBBBBBBBB'),
(632, 'ime6', 'prezime6', 'oib6', '1994-09-20', 'm', NULL, NULL, NULL, NULL, NULL, 1, 139, 0, NULL, NULL, NULL, NULL, 10, 1460218365, 1460218365, 'DDDDDDDDDDDDDDDDDDDDDDDDDDDD'),
(633, 'ime7', 'prezime7', 'oib7', '1994-09-20', 'm', NULL, NULL, NULL, NULL, NULL, 1, 139, 0, NULL, NULL, NULL, NULL, 10, 1460218365, 1460218365, 'DDDDDDDDDDDDDDDDDDDDDDDDDDDD'),
(634, 'ime8', 'prezime8', 'oib8', '1994-09-20', 'm', NULL, NULL, NULL, NULL, NULL, 1, 139, 0, NULL, NULL, NULL, NULL, 10, 1460218365, 1460218365, 'DDDDDDDDDDDDDDDDDDDDDDDDDDDD'),
(635, 'ime9', 'prezime9', 'oib9', '1994-09-20', 'm', NULL, NULL, NULL, NULL, NULL, 1, 139, 0, NULL, NULL, NULL, NULL, 10, 1460218365, 1460218365, 'DDDDDDDDDDDDDDDDDDDDDDDDDDDD'),
(636, 'ime10', 'prezime10', 'oib10', '1994-09-20', 'm', NULL, NULL, NULL, NULL, NULL, 1, 139, 0, NULL, NULL, NULL, NULL, 10, 1460218365, 1460218365, 'DDDDDDDDDDDDDDDDDDDDDDDDDDDD'),
(637, 'ime11', 'prezime11', 'oib11', '1994-09-20', 'm', NULL, NULL, NULL, NULL, NULL, 1, 139, 0, NULL, '12', NULL, NULL, 10, 1460218365, 1460218365, 'DDDDDDDDDDDDDDDDDDDDDDDDDDDD'),
(638, 'ime12', 'prezime12', 'oib12', '1994-09-20', 'm', NULL, NULL, NULL, NULL, NULL, 1, 139, 0, NULL, NULL, NULL, NULL, 10, 1460218365, 1460218365, 'DDDDDDDDDDDDDDDDDDDDDDDGGGGG'),
(639, 'ime13', 'prezime13', 'oib13', '1994-09-20', 'm', NULL, NULL, NULL, NULL, NULL, 1, 139, 0, NULL, NULL, NULL, NULL, 10, 1460218365, 1460218365, 'DDDDDDDDDDDDDDDDDDDDDDDGGGGG'),
(640, 'ime14', 'prezime14', 'oib14', '1994-09-20', 'm', NULL, NULL, NULL, NULL, NULL, 1, 139, 0, NULL, NULL, NULL, NULL, 10, 1460218365, 1460218365, 'DDDDDDDDDDDDDDGGGGGGGGGDDDDD'),
(641, 'ime15', 'prezime15', 'oib15', '1994-09-20', 'm', NULL, NULL, NULL, NULL, NULL, 1, 139, 0, NULL, NULL, NULL, NULL, 10, 1460218365, 1460218365, 'DDDDDDDDDDDDDDDDDDDDDDDDDDDD'),
(642, 'ime16', 'prezime16', 'oib16', '1994-09-20', 'm', NULL, NULL, NULL, NULL, NULL, 1, 139, 0, NULL, NULL, NULL, NULL, 10, 1460218365, 1460218365, 'DDDDDDDDDDDDDDDDDDDDDDDGGGGG'),
(643, 'ime17', 'prezime17', 'oib17', '1994-09-20', 'm', NULL, NULL, NULL, NULL, NULL, 1, 139, 0, NULL, NULL, NULL, NULL, 10, 1460218365, 1460218365, 'DDDDDDDDDDDDDDDDDDDDDDDDDDDD'),
(644, 'ime18', 'prezime18', 'oib18', '1994-09-20', 'm', NULL, NULL, NULL, NULL, NULL, 1, 139, 0, NULL, NULL, NULL, NULL, 10, 1460218365, 1460218365, 'DDDDDDDDDDDDDDDDDDDDDDDDDDDD'),
(645, 'ime32', 'prezime32', 'oib32', '1994-09-20', 'm', NULL, NULL, NULL, NULL, NULL, 1, 139, 0, NULL, NULL, NULL, NULL, 10, 1460218366, 1460218366, 'DDDDDDDDDDDDDDDDDDDDDGGGGDDD'),
(646, 'ime33', 'prezime33', 'oib33', '1994-09-20', 'm', NULL, NULL, NULL, NULL, NULL, 1, 139, 0, NULL, NULL, NULL, NULL, 10, 1460218366, 1460218366, 'DDDDDDDDDDDDDDDDDDDDDDGDDDDD'),
(647, 'ime19', 'prezime19', 'oib19', '1994-09-20', 'm', NULL, NULL, NULL, NULL, NULL, 1, 140, 0, NULL, NULL, NULL, NULL, 10, 1460218366, 1460218366, 'GGGGGGGGGGGGDDDDDDDDDDDDDDDD'),
(648, 'ime20', 'prezime20', 'oib20', '1994-09-20', 'm', NULL, NULL, NULL, NULL, NULL, 1, 140, 0, NULL, NULL, NULL, NULL, 10, 1460218366, 1460218366, 'DDDDDDDDDDDDDDDDDDDDDDDDDDDD'),
(649, 'ime21', 'prezime21', 'oib21', '1994-09-20', 'm', NULL, NULL, NULL, NULL, NULL, 1, 140, 0, NULL, NULL, NULL, NULL, 10, 1460218366, 1460218366, 'GGGGGGGGGGGGGGGGGGDDDDDDDDDD'),
(650, 'ime22', 'prezime22', 'oib22', '1994-09-20', 'm', NULL, NULL, NULL, NULL, NULL, 1, 140, 0, NULL, NULL, NULL, NULL, 10, 1460218366, 1460218366, 'DDDDDDDDDDDDDDGGGGGGGGGDDDDD'),
(651, 'ime23', 'prezime23', 'oib23', '1994-09-20', 'm', NULL, NULL, NULL, NULL, NULL, 1, 140, 0, NULL, NULL, NULL, NULL, 10, 1460218366, 1460218366, 'DDDDDDDDDDDDDDDDDDDDDDDDDDDD'),
(652, 'ime24', 'prezime24', 'oib24', '1994-09-20', 'm', NULL, NULL, NULL, NULL, NULL, 1, 140, 0, NULL, NULL, NULL, NULL, 10, 1460218366, 1460218366, 'DDGGGGGGGGGGGGGGGGGGDDDDDDDD'),
(653, 'ime25', 'prezime25', 'oib25', '1994-09-20', 'm', NULL, NULL, NULL, NULL, NULL, 1, 140, 0, NULL, NULL, NULL, NULL, 10, 1460218366, 1460218366, 'DDDDDDDDDDDDDDDDDDDDDDDDDDDD'),
(654, 'ime26', 'prezime26', 'oib26', '1994-09-20', 'm', NULL, NULL, NULL, NULL, NULL, 1, 140, 0, NULL, NULL, NULL, NULL, 10, 1460218366, 1460218366, 'DDDDDDDDDDDDDDDDDDDDDDDDDDDD'),
(655, 'ime27', 'prezime27', 'oib27', '1994-09-20', 'm', NULL, NULL, NULL, NULL, NULL, 1, 140, 0, NULL, NULL, NULL, NULL, 10, 1460218367, 1460218367, 'DDDDDDDDDDDDDDDDDDDDDDDDDDDD'),
(656, 'ime28', 'prezime28', 'oib28', '1994-09-20', 'm', NULL, NULL, NULL, NULL, NULL, 1, 140, 0, NULL, NULL, NULL, NULL, 10, 1460218367, 1460218367, 'DDDDDDBBBBDDDDDDDDDDDDDDDDDD'),
(657, 'ime29', 'prezime29', 'oib29', '1994-09-20', 'm', NULL, NULL, NULL, NULL, NULL, 1, 140, 0, NULL, NULL, NULL, NULL, 10, 1460218367, 1460218367, 'GGGGGGGGGGGGGGGGGGDGGDDGGDDG'),
(658, 'ime30', 'prezime30', 'oib30', '1994-09-20', 'm', NULL, NULL, NULL, NULL, NULL, 1, 140, 0, NULL, NULL, NULL, NULL, 10, 1460218367, 1460218367, 'DDDDDDDDDDDDDDDDDDDDDDDDDDDD'),
(659, 'ime31', 'prezime31', 'oib31', '1994-09-20', 'm', NULL, NULL, NULL, NULL, NULL, 1, 140, 0, NULL, NULL, NULL, NULL, 10, 1460218367, 1460218367, 'DDDDDDDDDDDDDDDDDDDDDDDDDDDD'),
(660, 'ime34', 'prezime34', 'oib34', '1994-09-20', 'm', NULL, NULL, NULL, NULL, NULL, 1, 140, 0, NULL, NULL, NULL, NULL, 10, 1460218367, 1460218367, 'GGGGGGGGGGGGGGGGGGGGGGDDDDDD');

-- --------------------------------------------------------

--
-- Table structure for table `users_poslovi`
--

CREATE TABLE `users_poslovi` (
  `id_user` int(11) NOT NULL,
  `id_posao` int(11) NOT NULL,
  `prioritet` int(11) NOT NULL DEFAULT '1'
) ENGINE=InnoDB DEFAULT CHARSET=latin1;

--
-- Dumping data for table `users_poslovi`
--

INSERT INTO `users_poslovi` (`id_user`, `id_posao`, `prioritet`) VALUES
(421, 2, 1),
(422, 1, 1),
(422, 2, 2),
(422, 3, 3),
(423, 2, 1),
(424, 2, 1),
(425, 3, 1),
(426, 1, 1),
(426, 2, 2),
(427, 2, 1),
(428, 3, 1),
(429, 2, 1),
(430, 3, 1),
(431, 1, 1),
(431, 2, 2),
(432, 2, 1),
(433, 3, 1),
(434, 2, 1),
(434, 3, 2),
(435, 4, 1),
(436, 4, 1),
(437, 3, 1),
(438, 2, 1),
(438, 3, 2),
(439, 1, 1),
(439, 2, 2),
(440, 2, 1),
(440, 3, 2),
(441, 2, 1),
(442, 2, 1),
(442, 3, 2),
(443, 2, 1),
(444, 2, 1),
(444, 3, 2),
(445, 2, 1),
(445, 3, 2),
(446, 2, 1),
(447, 2, 1),
(447, 3, 2),
(448, 4, 1),
(449, 4, 1),
(450, 4, 1),
(451, 4, 1),
(452, 1, 1),
(452, 3, 3),
(452, 4, 2),
(453, 4, 1),
(454, 4, 1),
(455, 3, 1),
(456, 1, 1),
(456, 4, 2),
(457, 4, 1),
(458, 3, 1),
(459, 4, 1),
(460, 3, 1),
(461, 1, 1),
(461, 4, 2),
(462, 4, 1),
(463, 3, 1),
(464, 3, 2),
(464, 4, 1),
(465, 2, 1),
(466, 2, 1),
(467, 3, 1),
(468, 3, 2),
(468, 4, 1),
(469, 1, 1),
(469, 4, 2),
(470, 3, 2),
(470, 4, 1),
(471, 4, 1),
(472, 3, 2),
(472, 4, 1),
(473, 4, 1),
(474, 3, 2),
(474, 4, 1),
(475, 3, 2),
(475, 4, 1),
(476, 4, 1),
(477, 3, 2),
(477, 4, 1),
(478, 2, 1),
(479, 2, 1),
(480, 2, 1),
(481, 4, 1),
(482, 1, 1),
(482, 3, 3),
(482, 4, 2),
(483, 4, 1),
(484, 4, 1),
(485, 3, 1),
(486, 1, 1),
(486, 4, 2),
(487, 4, 1),
(488, 3, 1),
(489, 4, 1),
(490, 3, 1),
(491, 1, 1),
(491, 4, 2),
(492, 4, 1),
(493, 3, 1),
(494, 3, 2),
(494, 4, 1),
(495, 2, 1),
(496, 2, 1),
(497, 3, 1),
(498, 3, 2),
(498, 4, 1),
(499, 1, 1),
(499, 4, 2),
(500, 3, 2),
(500, 4, 1),
(501, 4, 1),
(502, 3, 2),
(502, 4, 1),
(503, 4, 1),
(504, 3, 2),
(504, 4, 1),
(505, 3, 2),
(505, 4, 1),
(506, 4, 1),
(507, 3, 2),
(507, 4, 1),
(508, 2, 1),
(509, 2, 1),
(510, 2, 1),
(511, 4, 1),
(512, 1, 1),
(512, 3, 3),
(512, 4, 2),
(513, 4, 1),
(514, 4, 1),
(515, 3, 1),
(516, 1, 1),
(516, 4, 2),
(517, 4, 1),
(518, 3, 1),
(519, 4, 1),
(520, 3, 1),
(521, 1, 1),
(521, 4, 2),
(522, 4, 1),
(523, 3, 1),
(524, 3, 2),
(524, 4, 1),
(525, 2, 1),
(526, 2, 1),
(527, 3, 1),
(528, 3, 2),
(528, 4, 1),
(529, 1, 1),
(529, 4, 2),
(530, 3, 2),
(530, 4, 1),
(531, 4, 1),
(532, 3, 2),
(532, 4, 1),
(533, 4, 1),
(534, 3, 2),
(534, 4, 1),
(535, 3, 2),
(535, 4, 1),
(536, 4, 1),
(537, 3, 2),
(537, 4, 1),
(538, 2, 1),
(539, 2, 1),
(540, 2, 1),
(541, 4, 1),
(542, 1, 1),
(542, 3, 3),
(542, 4, 2),
(543, 4, 1),
(544, 4, 1),
(545, 3, 1),
(546, 1, 1),
(546, 4, 2),
(547, 4, 1),
(548, 3, 1),
(549, 4, 1),
(550, 3, 1),
(551, 1, 1),
(551, 4, 2),
(552, 4, 1),
(553, 3, 1),
(554, 3, 2),
(554, 4, 1),
(555, 2, 1),
(556, 2, 1),
(557, 3, 1),
(558, 3, 2),
(558, 4, 1),
(559, 1, 1),
(559, 4, 2),
(560, 3, 2),
(560, 4, 1),
(561, 4, 1),
(562, 3, 2),
(562, 4, 1),
(563, 4, 1),
(564, 3, 2),
(564, 4, 1),
(565, 3, 2),
(565, 4, 1),
(566, 4, 1),
(567, 3, 2),
(567, 4, 1),
(568, 2, 1),
(569, 2, 1),
(570, 2, 1),
(571, 4, 1),
(572, 1, 1),
(572, 3, 3),
(572, 4, 2),
(573, 4, 1),
(574, 4, 1),
(575, 3, 1),
(576, 1, 1),
(576, 4, 2),
(577, 4, 1),
(578, 3, 1),
(579, 4, 1),
(580, 3, 1),
(581, 1, 1),
(581, 4, 2),
(582, 4, 1),
(583, 3, 1),
(584, 3, 2),
(584, 4, 1),
(585, 2, 1),
(586, 2, 1),
(587, 3, 1),
(588, 3, 2),
(588, 4, 1),
(589, 1, 1),
(589, 4, 2),
(590, 3, 2),
(590, 4, 1),
(591, 4, 1),
(592, 3, 2),
(592, 4, 1),
(593, 4, 1),
(594, 3, 2),
(594, 4, 1),
(595, 3, 2),
(595, 4, 1),
(596, 4, 1),
(597, 3, 2),
(597, 4, 1),
(598, 2, 1),
(599, 2, 1),
(600, 2, 1),
(601, 4, 1),
(602, 1, 1),
(602, 3, 3),
(602, 4, 2),
(603, 4, 1),
(604, 4, 1),
(605, 3, 1),
(606, 1, 1),
(606, 4, 2),
(607, 4, 1),
(608, 3, 1),
(609, 4, 1),
(610, 3, 1),
(611, 1, 1),
(611, 4, 2),
(612, 4, 1),
(613, 3, 1),
(614, 3, 2),
(614, 4, 1),
(615, 2, 1),
(616, 2, 1),
(617, 3, 1),
(618, 3, 2),
(618, 4, 1),
(619, 1, 1),
(619, 4, 2),
(620, 3, 2),
(620, 4, 1),
(621, 4, 1),
(622, 3, 2),
(622, 4, 1),
(623, 4, 1),
(624, 3, 2),
(624, 4, 1),
(625, 3, 2),
(625, 4, 1),
(626, 4, 1),
(627, 3, 2),
(627, 4, 1),
(628, 2, 1),
(629, 2, 1),
(630, 2, 1),
(631, 4, 1),
(632, 1, 1),
(632, 3, 3),
(632, 4, 2),
(633, 4, 1),
(634, 4, 1),
(635, 3, 1),
(636, 1, 1),
(636, 4, 2),
(637, 4, 1),
(638, 3, 1),
(639, 4, 1),
(640, 3, 1),
(641, 1, 1),
(641, 4, 2),
(642, 4, 1),
(643, 3, 1),
(644, 3, 2),
(644, 4, 1),
(645, 2, 1),
(646, 2, 1),
(647, 3, 1),
(648, 3, 2),
(648, 4, 1),
(649, 1, 1),
(649, 4, 2),
(650, 3, 2),
(650, 4, 1),
(651, 4, 1),
(652, 3, 2),
(652, 4, 1),
(653, 4, 1),
(654, 3, 2),
(654, 4, 1),
(655, 3, 2),
(655, 4, 1),
(656, 4, 1),
(657, 3, 2),
(657, 4, 1),
(658, 2, 1),
(659, 2, 1),
(660, 2, 1);

-- --------------------------------------------------------

--
-- Table structure for table `users_timovi`
--

CREATE TABLE `users_timovi` (
  `id` int(11) NOT NULL,
  `id_user` int(11) NOT NULL,
  `id_tim` int(11) NOT NULL,
  `dan` int(11) DEFAULT NULL,
  `smjena` tinyint(1) NOT NULL
) ENGINE=InnoDB DEFAULT CHARSET=latin1;

--
-- Dumping data for table `users_timovi`
--

INSERT INTO `users_timovi` (`id`, `id_user`, `id_tim`, `dan`, `smjena`) VALUES
(1, 637, 1, 3, 1),
(2, 600, 1, 3, 0),
(3, 600, 1, 3, 0);

--
-- Indexes for dumped tables
--

--
-- Indexes for table `datoteka`
--
ALTER TABLE `datoteka`
  ADD PRIMARY KEY (`id`);

--
-- Indexes for table `ispostava`
--
ALTER TABLE `ispostava`
  ADD PRIMARY KEY (`id_ispostava`);

--
-- Indexes for table `poslovi`
--
ALTER TABLE `poslovi`
  ADD PRIMARY KEY (`id_posao`);

--
-- Indexes for table `timovi`
--
ALTER TABLE `timovi`
  ADD PRIMARY KEY (`id_tim`),
  ADD KEY `fk_timovi_ispostava1_idx` (`id_ispostava`);

--
-- Indexes for table `user`
--
ALTER TABLE `user`
  ADD PRIMARY KEY (`id`),
  ADD KEY `fk_users_ispostava1_idx` (`id_ispostava`);

--
-- Indexes for table `users_poslovi`
--
ALTER TABLE `users_poslovi`
  ADD PRIMARY KEY (`id_user`,`id_posao`),
  ADD KEY `fk_users_has_jobs_jobs1_idx` (`id_posao`),
  ADD KEY `fk_users_has_jobs_users_idx` (`id_user`);

--
-- Indexes for table `users_timovi`
--
ALTER TABLE `users_timovi`
  ADD PRIMARY KEY (`id`,`id_user`,`id_tim`),
  ADD KEY `fk_users_has_timovi_timovi1_idx` (`id_tim`),
  ADD KEY `fk_users_has_timovi_users1_idx` (`id_user`);

--
-- AUTO_INCREMENT for dumped tables
--

--
-- AUTO_INCREMENT for table `datoteka`
--
ALTER TABLE `datoteka`
  MODIFY `id` int(11) NOT NULL AUTO_INCREMENT, AUTO_INCREMENT=34;
--
-- AUTO_INCREMENT for table `ispostava`
--
ALTER TABLE `ispostava`
  MODIFY `id_ispostava` int(11) NOT NULL AUTO_INCREMENT, AUTO_INCREMENT=141;
--
-- AUTO_INCREMENT for table `poslovi`
--
ALTER TABLE `poslovi`
  MODIFY `id_posao` int(11) NOT NULL AUTO_INCREMENT, AUTO_INCREMENT=9;
--
-- AUTO_INCREMENT for table `timovi`
--
ALTER TABLE `timovi`
  MODIFY `id_tim` int(11) NOT NULL AUTO_INCREMENT, AUTO_INCREMENT=25;
--
-- AUTO_INCREMENT for table `user`
--
ALTER TABLE `user`
  MODIFY `id` int(11) NOT NULL AUTO_INCREMENT, AUTO_INCREMENT=661;
--
-- AUTO_INCREMENT for table `users_timovi`
--
ALTER TABLE `users_timovi`
  MODIFY `id` int(11) NOT NULL AUTO_INCREMENT, AUTO_INCREMENT=4;
--
-- Constraints for dumped tables
--

--
-- Constraints for table `timovi`
--
ALTER TABLE `timovi`
  ADD CONSTRAINT `fk_timovi_ispostava1` FOREIGN KEY (`id_ispostava`) REFERENCES `ispostava` (`id_ispostava`) ON DELETE NO ACTION ON UPDATE NO ACTION;

--
-- Constraints for table `user`
--
ALTER TABLE `user`
  ADD CONSTRAINT `fk_users_ispostava1` FOREIGN KEY (`id_ispostava`) REFERENCES `ispostava` (`id_ispostava`) ON DELETE CASCADE ON UPDATE CASCADE;

--
-- Constraints for table `users_poslovi`
--
ALTER TABLE `users_poslovi`
  ADD CONSTRAINT `fk_users_has_jobs_jobs1` FOREIGN KEY (`id_posao`) REFERENCES `poslovi` (`id_posao`) ON DELETE NO ACTION ON UPDATE NO ACTION,
  ADD CONSTRAINT `fk_users_has_jobs_users` FOREIGN KEY (`id_user`) REFERENCES `user` (`id`) ON DELETE NO ACTION ON UPDATE NO ACTION;

--
-- Constraints for table `users_timovi`
--
ALTER TABLE `users_timovi`
  ADD CONSTRAINT `fk_users_has_timovi_timovi1` FOREIGN KEY (`id_tim`) REFERENCES `timovi` (`id_tim`) ON DELETE NO ACTION ON UPDATE NO ACTION,
  ADD CONSTRAINT `fk_users_has_timovi_users1` FOREIGN KEY (`id_user`) REFERENCES `user` (`id`) ON DELETE NO ACTION ON UPDATE NO ACTION;

/*!40101 SET CHARACTER_SET_CLIENT=@OLD_CHARACTER_SET_CLIENT */;
/*!40101 SET CHARACTER_SET_RESULTS=@OLD_CHARACTER_SET_RESULTS */;
/*!40101 SET COLLATION_CONNECTION=@OLD_COLLATION_CONNECTION */;
